track_id,key
4DG4QKAPYM2l68MfWtUE8R,WILD_Bishop Briggs
3OVZSTxoVzic5wWEHBzG1c,Run Run Blood_Phantogram
34C1j5mEsdf0cx5pdyEfwK,Chemicals_The Glitch Mob
2UKoZ6eJ6X9gtjlXLXUojc,Gold To Glass_The Revivalists
0wsfdPl7p3yKjQBmHQsaDn,Worry About Me (feat. blackbear)_Ellie Goulding
0wsfdPl7p3yKjQBmHQsaDn,Worry About Me (feat. blackbear)_blackbear
0MLZAgKQKHbPsJ12qHS860,Haan Main Galat_Pritam
0MLZAgKQKHbPsJ12qHS860,Haan Main Galat_Arijit Singh
0MLZAgKQKHbPsJ12qHS860,Haan Main Galat_Shashwat Singh
2ynP7vnLgHtZJy5wwM0FCM,Break Free_SYML
7otCGmgp9h4CsR2LhwB6gt,Another Love_Tom Odell
2OdpZeTpnbqPqBrclk2pib,Vor í Vaglaskógi_KALEO
3UfeTGC52kzMuiRA4KkZ5S,"Never Let You Down - From The ""Insurgent"" Soundtrack_Woodkid"
3UfeTGC52kzMuiRA4KkZ5S,"Never Let You Down - From The ""Insurgent"" Soundtrack_Lykke Li"
0dzKtre3whAJV2xiZrYMe1,Fuel to Fire_Agnes Obel
6HhUJIZLRf91F8KJUiCH1b,Homeward Bound_Peter Hollens
2rf4HJG3NMDBlQrO4fu8Zn,Roll Me Through The Gates Of Hell_Mischief Brew
6A1j9xdYaugjiqdOaRbrXM,Toss a Coin to Your Witcher_Kløn
0dbTQYW3Ad1FTzIA9t90E8,Mona Lisa (feat. Kendrick Lamar)_Lil Wayne
0dbTQYW3Ad1FTzIA9t90E8,Mona Lisa (feat. Kendrick Lamar)_Kendrick Lamar
1qM4vhLgS0XxywxoHV05lC,Love Me Now_Phantogram
73hmUGQvCNlhDWzNPRvcx3,Goodbye_Russ
5shCqU2Fe67VwKwGQ1It6p,Sandy Freak_Northmane
0maP0mAW9sxHzTfewAbqQx,Screws Loose (feat. Stacey Michelle)_Chris Webby
0maP0mAW9sxHzTfewAbqQx,Screws Loose (feat. Stacey Michelle)_Stacey Michelle
167hmoIZDNPKxV68gRIV5D,Enseñame a Soñar 2.0 - Official Remix_DJ Goozo
167hmoIZDNPKxV68gRIV5D,Enseñame a Soñar 2.0 - Official Remix_Massianello
167hmoIZDNPKxV68gRIV5D,Enseñame a Soñar 2.0 - Official Remix_Manco the Sound
167hmoIZDNPKxV68gRIV5D,Enseñame a Soñar 2.0 - Official Remix_Susan Díaz
6xtTbmgvh4Bx6ezPNRYDuR,Behind My Back_THROVN
7eol08QhIX2afFJvKU7KBn,I Found Out_The Head and the Heart
5RD6OgRqU4ue5oeAo4WMkp,Saving Grace_The Head and the Heart
1YyLu0nUiNCoWG3W740zA1,Up Against The Wall_The Head and the Heart
4b9AxYChbYBBPQQyxliXGw,Running Through Hell_The Head and the Heart
0khIahkzqdqrX4Yt3xz6FO,Backwards Breathing_The Head and the Heart
0oyCzTHEXxHrteIH6ToOo1,Brenda_The Head and the Heart
6pPT6tA6FQ6Vh7BXHYNlAH,Honeybee_The Head and the Heart
6ZobTk61mM0Pz9qPNV07p4,People Need A Melody_The Head and the Heart
4owBrksGX5hhX7rqdAfScg,Glory of Music II_The Head and the Heart
3M1Mzw4na6mKGlfti96P9N,Sun Is Rising_The Head and the Heart
3IYVxO2NdfWhHVOc8IUAaO,Missed Connection_The Head and the Heart
6D8dGtrEkfd2DCnsTbcxSi,See You Through My Eyes_The Head and the Heart
3iDcwzGnqC9PHUUpUKtCML,Living Mirage_The Head and the Heart
1DqKSgYECTTf5Qv9sUg9zA,Game Show Theme_Semi-Attractive Boy
4dfAUJI1QesmK5HfK9gtYs,Wicked Ways_Eminem
0gSkoX6PDTcoFMAWEjfs04,Glory_Dionysia
2cBdi837Hc1Lim4Te2qYjW,Brainstorm_SoulGroupUniverse
6uOzYMGucTA0MAFwS2FNB2,I'm With Stupid_Static-X
0I1NWQB4UfzqS6jz8QhRnt,Deep Dark Well_Scott Mulvahill
4Wsf2oALoS49H65hQ4wUSc,Hit My Stride_Zak Downtown
4Wsf2oALoS49H65hQ4wUSc,Hit My Stride_Nate Good
4Wsf2oALoS49H65hQ4wUSc,Hit My Stride_Phi11a
7BUopl3koyNYyPBH1LvbKm,Risky Business_Abhi The Nomad
43HvNfDtru0w7gWabADhVr,Loving Me_Just Juice
6A0upFEh7mDlOnldeIpAA6,My Fans_Tom MacDonald
3vcAGWwcoFI9KUAaBXEBIF,HELLA TRAUMA (ENOUGH IS ENOUGH)_Juicy J
7tu6UmGzSZVfVF2y9v31Sy,HELLA FUCKIN' TRAUMA (ENOUGH IS ENOUGH)_Juicy J
1uvhSFCX6bQrbLIWhQsWiQ,"New World (with Matisyahu, Bumpin Uglies, & The Elovaters)_Tropidelic"
1uvhSFCX6bQrbLIWhQsWiQ,"New World (with Matisyahu, Bumpin Uglies, & The Elovaters)_Matisyahu"
1uvhSFCX6bQrbLIWhQsWiQ,"New World (with Matisyahu, Bumpin Uglies, & The Elovaters)_The Elovaters"
1uvhSFCX6bQrbLIWhQsWiQ,"New World (with Matisyahu, Bumpin Uglies, & The Elovaters)_Bumpin Uglies"
3dUFusyzxukrqtbJxvad8H,Little Mama_CeeLo Green
72cvnnG6vGhSbYMQDDfc26,For You_CeeLo Green
2lmLGSlnOseIwWiV0Dr2Xr,Itz a Homi_Ca$his
51mtWoo7QUVwDX5duDPW09,To The Moon_Hollyn
4DVDNe17inX21OoBPSvLCY,The Hitch_Robby Krieger
3vYCWJRejq4ql01Z4bEFg9,周波数_SEKAI NO OWARI
0XWIYFNmsx94xLb8PC798d,Dropout_SEKAI NO OWARI
65VKAhensQyh801OguWBGH,umbrella_SEKAI NO OWARI
0K2xetCWw7HORNQLnaolcz,STAND_Kemba
4bZoab8C5E0aXBpECaSzhd,THE GET BACK (RIOT)_Kemba
6xcnesEOFm63q145MFTtqV,I MIGHT DIE FOR THIS WHILE YALL PLAYING_Kemba
6rb5HiRVYY2GDzWJL0fXcN,6 MILLION WAYS_Kemba
4FetI0EyTKvcijiUDWiwAz,CAGED_Kresnt
4FetI0EyTKvcijiUDWiwAz,CAGED_Zoya
4FetI0EyTKvcijiUDWiwAz,CAGED_Licka Rish
3duQ9ZqjeOyUpiWMcenRzd,Medusa_GRiZ
3duQ9ZqjeOyUpiWMcenRzd,Medusa_Wreckno
70pOZlu2gAY3tWsmEsE1jp,Bring the Rain_Finish Ticket
1Y1r8yB9JV3xDYRdPnHp3G,Tranquilize_Finish Ticket
43THqA6Kw4w5cDKnLXA5Dd,Right There_Feeki
6vO4vQt2d1hVJ5iR76Z1U8,Beat the Bright Out of Me_Kishi Bashi
5nRGmy91RvOn9tPSKjantv,Kiss Your Chain (Remix)_Sam Trocki
451F57lzZPmlkTsqKqdmGg,Ben - 2003 Live Edit_Michael Jackson
6UU7xjI7gQWXRD6JxCd2uZ,Acting Up_Kris King
6UU7xjI7gQWXRD6JxCd2uZ,Acting Up_Futuristic
4How9mJ43caFEWcWypZrRa,Too Close To Fire_Skrizzly Adams
53RVjMckFknLRdoQw39Tag,In a Stranger's Arms_LÉON
4tBxjghE6uz3RxJxBmv843,Who You Lovin_LÉON
658x3phIzux5VYryVBOET4,And It Breaks My Heart_LÉON
0wfiNwU76y3GvhjDk1G1Fv,Glory of Music_The Head and the Heart
36VmPlSKLSxAl8LRzfO3ji,One Big Mystery_The Head and the Heart
3ut2ONU7z8syDvIcxtEFWA,A Letter To My Younger Self (feat. Logic)_Quinn XCII
3ut2ONU7z8syDvIcxtEFWA,A Letter To My Younger Self (feat. Logic)_Logic
5dRhkboDygMWRPFZvc1JfQ,Second Time Around_Quinn XCII
2gGLpMzoo80A7jGEIr4ou8,Naked_Jonas Blue
2gGLpMzoo80A7jGEIr4ou8,Naked_MAX
0Bf1LX99FSHFgf6FIc5r87,Loverboy_IRONTOM
21c3acP74R9Z4DEbE5R6DO,Two 10s_Quinn XCII
7wlBX5Y3IQ3A6bt2GQDhlR,Stacy_Quinn XCII
44e5AMXb9XqgETIxPQxQ7q,Coffee (feat. Marc E. Bassy)_Quinn XCII
44e5AMXb9XqgETIxPQxQ7q,Coffee (feat. Marc E. Bassy)_Marc E. Bassy
064GYoHEwYApXHUxJkgRxh,The Wicked and the Cursed_The Cold Stares
0tEDRtSJxER8RtzICpIp6y,Come Around Me_Rituals of Mine
15hgJvMVRoaG2QHGuD5qgc,Thank You For Asking_Foy Vance
5Emej0O3aQlZzHno3rsxTh,Chiquita_NOIXES
5EDsZ0vf5CAUu4yqlzPqBW,RIDE_Night Grind
515A4LoWZ9ALn2yoSn1SfV,HYPEROLL_Night Grind
4JmAjV3ezdHS0zMS8ucGIl,WOO_Night Grind
78b1qkizhFcYbDXuIwfy9t,DRAKO_Night Grind
1gu4JBRDZD0Qz0XcluZojO,LONDON_Night Grind
28MdzjweDKOGslTxmkbbXJ,BANDO_Night Grind
03q5FhpYzfUP8KBHiFDfP4,LUCID_Night Grind
0eOwiYGrIEEe7iZoMZcgrZ,Velvet Sunset_COSMIC
0eOwiYGrIEEe7iZoMZcgrZ,Velvet Sunset_Mylky
5Pe08HDQUA8RJ3YLanVXW6,bad habits_COSMIC
5Pe08HDQUA8RJ3YLanVXW6,bad habits_Avxp
4fuXSpnxFhdW6jhKfUzKB6,Home Again_Brooke Annibale
4dKHVablxFjf9r6JQQKfQV,Follow_Vigiland
4dKHVablxFjf9r6JQQKfQV,Follow_Father Viola
6aGTES3UXh8WAGH6lGbJKK,Señorita (Come Dance With Me)_Gian Varela
6aGTES3UXh8WAGH6lGbJKK,Señorita (Come Dance With Me)_Matluck
0oE1bkIrcep7JnLLdxSsMw,Stray Nights_Stephen
0vkoL1VdTtUcUTJFJrylQy,Palm Trees_Lucian
0vkoL1VdTtUcUTJFJrylQy,Palm Trees_Phephi
6SjIN273FdxhNtfcIHeFFD,Blue Hundreds_Netherfriends
6SjIN273FdxhNtfcIHeFFD,Blue Hundreds_The Teeta
6SjIN273FdxhNtfcIHeFFD,Blue Hundreds_Terminator Dave
6fBEp9djQObRAuTtOHNHyE,Pocket Watchers_Netherfriends
6fBEp9djQObRAuTtOHNHyE,Pocket Watchers_The Teeta
2TatWcdYDyGqdeBcfVNWVe,Cashapp_Netherfriends
2TatWcdYDyGqdeBcfVNWVe,Cashapp_The Teeta
1mdRv3vNTDYEhwJWw7pcHT,Keep Hustling_Netherfriends
1mdRv3vNTDYEhwJWw7pcHT,Keep Hustling_The Teeta
09SclO0GZIOyaAI9PBaND0,1200 Per Hour_Netherfriends
09SclO0GZIOyaAI9PBaND0,1200 Per Hour_The Teeta
2EEtprS06znqQ1e2ym7Fda,Blessing Loom_Netherfriends
2EEtprS06znqQ1e2ym7Fda,Blessing Loom_The Teeta
2YQZ8Qfz5DWZIwi923tEI7,Social Distance_Netherfriends
2YQZ8Qfz5DWZIwi923tEI7,Social Distance_The Teeta
6EXyrEh3g2YOj8UJew8GDX,Bitcoin_Netherfriends
6EXyrEh3g2YOj8UJew8GDX,Bitcoin_The Teeta
2SU2NW8DjrghAju2NIbbRn,Forex_Netherfriends
2SU2NW8DjrghAju2NIbbRn,Forex_The Teeta
43X0IQNLtil71W6iFOFs7u,America's Favorite Tranquilizer_Emma Zander
4jFFfa1nqAD3s28kO5uehF,Seasons_NEEDTOBREATHE
2RFPOVFyETBs2KbLXoQSfm,Survival (feat. Drew & Ellie Holcomb)_NEEDTOBREATHE
2RFPOVFyETBs2KbLXoQSfm,Survival (feat. Drew & Ellie Holcomb)_Drew Holcomb & The Neighbors
2RFPOVFyETBs2KbLXoQSfm,Survival (feat. Drew & Ellie Holcomb)_Ellie Holcomb
4Sut5gswD4zeY2AaclQYfp,Hang On_NEEDTOBREATHE
74KwjCkAAb7eL1CPt86mux,Who Am I_NEEDTOBREATHE
4GBcYFYVwnsPDo6OOauRir,Play Date_Melanie Martinez
6TNWeqDnqdqIQWYMWZmzTA,Fire Drill_Melanie Martinez
15rdbK6fq0t2ahDh0nvEhf,Bits and Pieces_JP Cooper
6osWtamMy2G6syk7dHU4L3,In These Arms_JP Cooper
67GvvBfumjbeuMzhXVgn02,Too Close_JP Cooper
0N5qAlHNzoftsyup6Takjg,Little Bit Of Love_JP Cooper
07AIe6S0M9fdcW0GvMrgWv,How Does It Feel_Donna Missal
2iKp7e9MFT5kWdyeV5B9Ne,Bored_Tessa Violet
2iKp7e9MFT5kWdyeV5B9Ne,Bored_MisterWives
2b4pjgCHi1xRDDXGifCN2P,"I Don't Know, I Don't Know (DuOver)_Tall Heights"
3sDLL4ypzyxd2a9wPYyjOM,Fuerte Soy_Camino
6dPx3SjX99Wm9mUp9yEq1K,Chocolate Samurai_Fantastic Negrito
1M4rvTaw2dSPr4tz5Bz79K,How Long?_Fantastic Negrito
2ZagwBX7kXRGC767ZVBt0H,I'm so Happy I Cry (feat. Tank)_Fantastic Negrito
2ZagwBX7kXRGC767ZVBt0H,I'm so Happy I Cry (feat. Tank)_Tank and The Bangas
2ZagwBX7kXRGC767ZVBt0H,I'm so Happy I Cry (feat. Tank)_Tarriona 'Tank' Ball
4C5sodnvfyk2jMhEjFw3Iz,My Love_MOSKA
4C5sodnvfyk2jMhEjFw3Iz,My Love_Maggie Szabo
2tTY9mdhOnqW46iRV0Rq8J,Place Like This_Wingtip
1ghRlhMDkjQ8mLz8J4Nd0p,Too Honest Lullaby_Whitney Avalon
4Ay8uafwQ5xdUTQ7vrVk1f,If the World Was Ending_Gracie and Rachel
14UiJ7VaTWsG41YYAs6uha,Stronger_Dirt Poor Robins
1gWfkB7tysg675TClJzeCj,Weight of the World_The Elwins
7K3QXJMaLWkRIeiwj7ypcu,God Bless the Streets_Tdot illdude
0Rn46q3XiKFeI4uTsuqjB8,No Land Beyond_Dirt Poor Robins
2qGcn5YYUD58NV7a5BnMv4,Those Who Sojourn_Dirt Poor Robins
2YWWiXAqA3uv75WtBHzZsx,It Tore Your Heart Out_Dirt Poor Robins
5kwdDb7vKl3f3hOmrI6XbK,Thunder Bird_Dirt Poor Robins
1pzgo9FEQlrkdNF669js54,Steady (Cinderblock Sessions)_Emily Wolfe
